,src,to,weights,weight_rank
0,resp10,resp3,0.5236363636363636,2.0
1,resp1004,resp1416,0.075,2.0
2,resp1005,resp11,0.4173913043478261,6.0
3,resp1008,resp3210,0.5454545454545454,2.0
4,resp1013,resp553,0.4114285714285714,1.0
5,resp1016,resp5731,0.19636363636363635,7.0
6,resp1018,resp828,0.504,1.0
7,resp1019,resp4654,0.54,1.0
8,resp1020,resp2159,0.24,3.0
9,resp1022,resp1376,0.4363636363636363,1.0
10,resp1028,resp420,0.36,1.0
11,resp1028,resp4598,0.3,1.0
12,resp1033,resp1429,0.20571428571428574,1.0
13,resp1035,resp6257,0.19285714285714284,4.0
14,resp1038,resp1545,0.12,3.0
15,resp1042,resp2681,0.525,2.0
16,resp1043,resp1841,0.08307692307692308,5.0
17,resp1043,resp3752,0.8307692307692308,1.0
18,resp105,resp5663,0.22,1.0
19,resp1053,resp4771,0.225,3.0
20,resp1054,resp213,0.1,6.0
21,resp1056,resp3545,0.6499999999999999,2.0
22,resp1060,resp6113,0.2475,5.0
23,resp1062,resp2954,0.16363636363636366,13.0
24,resp1067,resp5944,0.3,4.0
25,resp1069,resp4372,0.15428571428571428,4.0
26,resp1070,resp3328,0.036000000000000004,2.0
27,resp1073,resp3448,0.4615384615384615,3.0
28,resp1078,resp1908,0.06666666666666668,7.0
29,resp1085,resp3448,0.64,1.0
30,resp1091,resp3434,0.08571428571428573,3.0
31,resp1091,resp5047,0.08571428571428573,5.0
32,resp1096,resp3989,0.12,3.0
33,resp11,resp1376,0.065,10.0
34,resp110,resp3781,0.12,4.0
35,resp1101,resp4935,0.6,2.0
36,resp1104,resp5153,0.792,1.0
37,resp1105,resp5351,0.15428571428571428,2.0
38,resp1111,resp4914,0.36,2.0
39,resp1116,resp4771,0.192,5.0
40,resp112,resp3193,0.24,2.0
41,resp1123,resp5267,0.162,9.0
42,resp1127,resp35,0.54,1.0
43,resp1128,resp235,0.18,2.0
44,resp1129,resp1311,0.162,3.0
45,resp1129,resp3892,0.43200000000000005,2.0
46,resp1130,resp5351,0.21600000000000005,1.0
47,resp1133,resp1138,0.15,2.0
48,resp1133,resp1170,0.5,4.0
49,resp1136,resp1170,0.4615384615384615,5.0
50,resp1143,resp488,0.3375,4.0
51,resp1146,resp5123,0.5,2.0
52,resp1148,resp1204,0.22,5.0
53,resp1151,resp1170,0.66,1.0
54,resp1151,resp1814,0.055000000000000014,4.0
55,resp1151,resp5822,0.055000000000000014,6.0
56,resp1160,resp1138,0.64,1.0
57,resp1161,resp3447,0.3150000000000001,1.0
58,resp1162,resp5731,0.16500000000000006,9.0
59,resp1167,resp1204,0.10285714285714287,7.0
60,resp117,resp2428,0.36,1.0
61,resp1172,resp1170,0.05333333333333333,9.0
62,resp1173,resp5535,0.14400000000000002,6.0
63,resp1174,resp3448,0.6,2.0
64,resp118,resp235,0.04363636363636364,3.0
65,resp1183,resp1188,0.6545454545454547,2.0
66,resp1185,resp2055,0.23142857142857146,2.0
67,resp1185,resp2249,0.6171428571428571,1.0
68,resp1185,resp6009,0.051428571428571435,2.0
69,resp1188,resp1701,0.5052631578947369,2.0
70,resp1191,resp1170,0.6,2.0
71,resp1192,resp5618,0.5485714285714286,3.0
72,resp1199,resp1187,0.06,2.0
73,resp1202,resp1187,0.24,1.0
74,resp1206,resp5884,0.5485714285714286,1.0
75,resp1208,resp1170,0.2541176470588235,7.0
76,resp1209,resp2950,0.03272727272727273,22.0
77,resp1211,resp1153,0.2571428571428571,1.0
78,resp1212,resp1371,0.24,4.0
79,resp1213,resp1477,0.56,2.0
80,resp1224,resp1161,0.5142857142857142,2.0
81,resp1226,resp828,0.07200000000000001,6.0
82,resp1228,resp793,0.24,1.0
83,resp1229,resp2373,0.09,16.0
84,resp1235,resp1183,0.27,2.0
85,resp1239,resp3520,0.12,8.0
86,resp1241,resp5397,0.2842105263157895,1.0
87,resp125,resp2649,0.225,2.0
88,resp1253,resp3595,0.42,4.0
89,resp1255,resp4483,0.06,6.0
90,resp1259,resp4761,0.3375,2.0
91,resp126,resp410,0.5843478260869566,3.0
92,resp1262,resp4657,0.384,1.0
93,resp1268,resp5788,0.15,10.0
94,resp1271,resp4789,0.135,8.0
95,resp1275,resp2567,0.225,2.0
96,resp1279,resp5032,0.2025,3.0
97,resp1282,resp232,0.3490909090909091,4.0
98,resp1284,resp5343,0.64,1.0
99,resp1288,resp1960,0.15750000000000006,3.0
100,resp1289,resp2891,0.5,1.0
101,resp1290,resp844,0.5538461538461539,1.0
102,resp1292,resp4778,0.5142857142857142,1.0
103,resp1294,resp297,0.4615384615384615,1.0
104,resp1294,resp3313,0.13846153846153844,1.0
105,resp1294,resp3586,0.3692307692307692,1.0
106,resp1294,resp790,0.04615384615384615,1.0
107,resp1299,resp2915,0.45,2.0
108,resp1305,resp1311,0.3490909090909091,2.0
109,resp1306,resp4789,0.54,1.0
110,resp1307,resp3311,0.6857142857142857,1.0
111,resp1310,resp3301,0.1136842105263158,2.0
112,resp1314,resp143,0.32,1.0
113,resp1317,resp3608,0.508235294117647,3.0
114,resp1319,resp5727,0.24,5.0
115,resp1324,resp35,0.13090909090909092,10.0
116,resp1325,resp2373,0.06545454545454546,18.0
117,resp1329,resp4261,0.09,5.0
118,resp133,resp1908,0.4320000000000001,1.0
119,resp1332,resp947,0.6,1.0
120,resp1334,resp1121,0.64,1.0
121,resp1339,resp1043,0.3150000000000001,2.0
122,resp1340,resp6257,0.42,2.0
123,resp1341,resp5047,0.72,1.0
124,resp1349,resp3365,0.14,1.0
125,resp1353,resp1224,0.18,3.0
126,resp1354,resp3797,0.12,5.0
127,resp1357,resp3849,0.1125,1.0
128,resp1357,resp4544,0.45,1.0
129,resp1358,resp4571,0.055000000000000014,17.0
130,resp1359,resp3015,0.18,3.0
131,resp137,resp3673,0.5142857142857142,1.0
132,resp1373,resp4774,0.4,5.0
133,resp1374,resp4308,0.48,3.0
134,resp1376,resp2824,0.6260869565217391,1.0
135,resp1377,resp91,0.18,5.0
136,resp1380,resp4169,0.04,13.0
137,resp1382,resp930,0.135,7.0
138,resp1386,resp413,0.5142857142857142,1.0
139,resp1389,resp1477,0.6,1.0
140,resp140,resp35,0.14400000000000002,8.0
141,resp1413,resp169,0.32,4.0
142,resp1413,resp4923,0.48,2.0
143,resp1418,resp3545,0.4400000000000001,6.0
144,resp1419,resp2950,0.065,15.0
145,resp1423,resp1559,0.72,1.0
146,resp1429,resp85,0.4,2.0
147,resp1435,resp4812,0.10588235294117647,11.0
148,resp1444,resp3448,0.051428571428571435,19.0
149,resp1446,resp553,0.36,2.0
150,resp1447,resp2659,0.14823529411764708,9.0
151,resp1447,resp2903,0.5929411764705883,1.0
152,resp1449,resp2950,0.3150000000000001,5.0
153,resp1451,resp5130,0.06,1.0
154,resp1453,resp4269,0.5169230769230769,1.0
155,resp1456,resp6098,0.4666666666666666,1.0
156,resp1458,resp4823,0.48,3.0
157,resp1462,resp1814,0.63,1.0
158,resp1472,resp1210,0.18857142857142856,2.0
159,resp1476,resp1376,0.065,10.0
160,resp1477,resp1161,0.05,3.0
161,resp1481,resp2903,0.2025,7.0
162,resp1483,resp169,0.6,2.0
163,resp1487,resp3545,0.18,14.0
164,resp1492,resp4935,0.5634782608695653,3.0
165,resp1496,resp3608,0.5305263157894736,1.0
166,resp150,resp2890,0.35000000000000003,3.0
167,resp1504,resp2475,0.64,3.0
168,resp1506,resp5941,0.48,3.0
169,resp1511,resp3545,0.1,16.0
170,resp1514,resp3608,0.5,4.0
171,resp1519,resp4266,0.03428571428571429,6.0
172,resp1522,resp3756,0.4114285714285714,5.0
173,resp1526,resp608,0.45,1.0
174,resp1529,resp101,0.36,1.0
175,resp1531,resp5584,0.20210526315789476,7.0
176,resp1532,resp4774,0.20571428571428574,9.0
177,resp1534,resp2461,0.4235294117647059,2.0
178,resp1534,resp4571,0.3388235294117647,3.0
179,resp1535,resp3448,0.12,17.0
180,resp1542,resp4571,0.06,16.0
181,resp1553,resp965,0.48,1.0
182,resp1554,resp3823,0.075,1.0
183,resp1560,resp4977,0.108,2.0
184,resp1561,resp2715,0.42,1.0
185,resp1563,resp947,0.28,3.0
186,resp1567,resp4571,0.225,7.0
187,resp1570,resp4049,0.42,3.0
188,resp158,resp5941,0.405,4.0
189,resp1580,resp4774,0.5236363636363637,1.0
190,resp1583,resp5285,0.26666666666666666,3.0
191,resp1587,resp2373,0.36,10.0
192,resp1589,resp1512,0.24,1.0
193,resp1590,resp4013,0.24,1.0
194,resp1603,resp2567,0.15,3.0
195,resp1604,resp1104,0.12,1.0
196,resp1604,resp5873,0.4,1.0
197,resp1605,resp2373,0.15428571428571428,14.0
198,resp1606,resp3458,0.3927272727272727,3.0
199,resp1607,resp2954,0.45,6.0
200,resp1612,resp3193,0.12,3.0
201,resp1616,resp2584,0.5538461538461539,2.0
202,resp162,resp1944,0.27,2.0
203,resp1620,resp4452,0.06666666666666668,6.0
204,resp1621,resp2373,0.08,17.0
205,resp1626,resp608,0.192,3.0
206,resp1628,resp2950,0.4547368421052631,2.0
207,resp163,resp2659,0.4114285714285714,3.0
208,resp1637,resp4261,0.48,1.0
209,resp1638,resp6113,0.095,6.0
210,resp1639,resp2834,0.27,5.0
211,resp1641,resp573,0.27,7.0
212,resp1644,resp1214,0.36,2.0
213,resp1645,resp3259,0.12,9.0
214,resp1645,resp5285,0.48,1.0
215,resp165,resp5481,0.72,1.0
216,resp1651,resp3259,0.6857142857142857,1.0
217,resp1652,resp5810,0.5538461538461539,1.0
218,resp1652,resp5822,0.4430769230769231,2.0
219,resp1661,resp1371,0.48,1.0
220,resp1662,resp1561,0.3692307692307693,1.0
221,resp1663,resp573,0.1408695652173913,8.0
222,resp1663,resp756,0.4695652173913044,1.0
223,resp1669,resp4759,0.6646153846153847,1.0
224,resp167,resp1559,0.42,4.0
225,resp1675,resp195,0.06,5.0
226,resp1676,resp410,0.04235294117647058,9.0
227,resp168,resp1559,0.3692307692307693,5.0
228,resp1685,resp5,0.3085714285714285,4.0
229,resp1686,resp3834,0.6461538461538461,1.0
230,resp1687,resp534,0.4571428571428571,1.0
231,resp17,resp4935,0.06315789473684211,21.0
232,resp1701,resp1210,0.255,1.0
233,resp1704,resp6257,0.48,1.0
234,resp171,resp4417,0.5684210526315789,1.0
235,resp1711,resp4452,0.56,1.0
236,resp1716,resp1379,0.055000000000000014,7.0
237,resp1718,resp3180,0.3692307692307693,2.0
238,resp1719,resp4771,0.5333333333333333,1.0
239,resp172,resp4181,0.43200000000000005,1.0
240,resp1720,resp1559,0.048,15.0
241,resp1725,resp2915,0.48,1.0
242,resp173,resp2250,0.16875,4.0
243,resp1730,resp410,0.6171428571428571,2.0
244,resp1731,resp4033,0.225,1.0
245,resp1736,resp1559,0.07200000000000001,13.0
246,resp1739,resp965,0.18,4.0
247,resp1743,resp5970,0.4173913043478261,2.0
248,resp1745,resp5846,0.64,1.0
249,resp1761,resp3608,0.15,9.0
250,resp1763,resp3608,0.12,10.0
251,resp1771,resp1379,0.075,6.0
252,resp1778,resp11,0.054545454545454536,13.0
253,resp1780,resp1358,0.45,1.0
254,resp1783,resp2865,0.28800000000000003,2.0
255,resp1785,resp2950,0.03692307692307692,21.0
256,resp179,resp3194,0.6821052631578947,2.0
257,resp1790,resp3301,0.5142857142857142,1.0
258,resp1796,resp4571,0.23142857142857146,6.0
259,resp1797,resp1332,0.05,1.0
260,resp1797,resp5408,0.4,1.0
261,resp1804,resp2831,0.21333333333333326,3.0
262,resp1818,resp1944,0.10285714285714287,5.0
263,resp1829,resp4643,0.5142857142857142,2.0
264,resp1830,resp2954,0.10285714285714287,15.0
265,resp1831,resp5123,0.162,4.0
266,resp184,resp2954,0.12857142857142856,14.0
267,resp1841,resp1038,0.6,2.0
268,resp1842,resp2373,0.4363636363636363,8.0
269,resp1844,resp5032,0.26181818181818184,2.0
270,resp1845,resp4417,0.18,6.0
271,resp1845,resp930,0.27,3.0
272,resp1846,resp5727,0.36,4.0
273,resp1850,resp35,0.048,11.0
274,resp1851,resp4166,0.08727272727272728,7.0
275,resp1855,resp2903,0.18,8.0
276,resp1861,resp5850,0.43200000000000005,1.0
277,resp1865,resp4643,0.24545454545454545,6.0
278,resp1871,resp5584,0.20210526315789476,7.0
279,resp1872,resp947,0.15428571428571428,4.0
280,resp1880,resp132,0.29538461538461536,5.0
281,resp1888,resp28,0.12,2.0
282,resp1892,resp2072,0.045,8.0
283,resp1892,resp573,0.54,2.0
284,resp1894,resp4704,0.52,1.0
285,resp1895,resp1908,0.28,2.0
286,resp1897,resp3921,0.6211764705882353,1.0
287,resp1898,resp5484,0.084,11.0
288,resp1909,resp2373,0.4,9.0
289,resp1913,resp2903,0.4,3.0
290,resp1914,resp5870,0.36,1.0
291,resp1919,resp1299,0.05,1.0
292,resp1919,resp4606,0.225,1.0
293,resp1919,resp5262,0.15,1.0
294,resp1928,resp1687,0.66,1.0
295,resp1934,resp232,0.05,16.0
296,resp1937,resp4214,0.4,5.0
297,resp1939,resp4452,0.09,5.0
298,resp1939,resp5953,0.72,1.0
299,resp194,resp2373,0.126,15.0
300,resp1944,resp4571,0.3,4.0
301,resp195,resp689,0.56,1.0
302,resp1956,resp5873,0.21600000000000005,3.0
303,resp1960,resp2221,0.4615384615384615,1.0
304,resp1962,resp3448,0.64,1.0
305,resp1963,resp1960,0.5236363636363636,1.0
306,resp1964,resp4330,0.35000000000000003,1.0
307,resp1964,resp828,0.15750000000000006,3.0
308,resp1965,resp466,0.16363636363636366,4.0
309,resp1967,resp35,0.384,5.0
310,resp197,resp6078,0.18,5.0
311,resp1971,resp3015,0.3,2.0
312,resp1975,resp2834,0.09,10.0
313,resp1975,resp5788,0.27,6.0
314,resp1980,resp3614,0.72,1.0
315,resp1982,resp2543,0.23142857142857146,6.0
316,resp1984,resp5810,0.15750000000000006,4.0
317,resp1984,resp5822,0.42,4.0
318,resp199,resp5484,0.3388235294117647,8.0
319,resp1993,resp5657,0.13090909090909092,5.0
320,resp1995,resp2567,0.36,1.0
321,resp1996,resp4049,0.5929411764705883,1.0
322,resp2001,resp3545,0.3,9.0
323,resp2010,resp466,0.5647058823529413,1.0
324,resp2012,resp5,0.3927272727272727,3.0
325,resp2021,resp169,0.09,10.0
326,resp2022,resp3796,0.3085714285714285,1.0
327,resp2023,resp28,0.16615384615384615,1.0
328,resp2025,resp4935,0.225,16.0
329,resp2027,resp4657,0.36,2.0
330,resp2029,resp5657,0.2475,2.0
331,resp2029,resp96,0.055000000000000014,3.0
332,resp203,resp3549,0.07,6.0
333,resp2034,resp1170,0.5,4.0
334,resp2039,resp5617,0.5538461538461539,2.0
335,resp2043,resp5850,0.21600000000000005,2.0
336,resp2045,resp793,0.16434782608695653,2.0
337,resp2048,resp3545,0.18,14.0
338,resp205,resp2373,0.5236363636363637,4.0
339,resp2055,resp2249,0.5236363636363636,3.0
340,resp206,resp4571,0.045,21.0
341,resp2068,resp3545,0.195,13.0
342,resp2074,resp11,0.06857142857142857,12.0
343,resp2079,resp309,0.06545454545454546,2.0
344,resp2089,resp5153,0.5333333333333333,3.0
345,resp2090,resp6098,0.27,5.0
346,resp2091,resp3520,0.48,2.0
347,resp2092,resp4923,0.5236363636363637,1.0
348,resp2095,resp2066,0.2571428571428571,4.0
349,resp2104,resp2885,0.64,1.0
350,resp2120,resp3545,0.66,1.0
351,resp2121,resp514,0.36,1.0
352,resp2124,resp742,0.12,5.0
353,resp2125,resp742,0.12,5.0
354,resp2129,resp750,0.084,2.0
355,resp2131,resp3989,0.075,4.0
356,resp2133,resp5,0.06,6.0
357,resp2135,resp3756,0.6260869565217391,3.0
358,resp2140,resp2373,0.3490909090909091,11.0
359,resp2141,resp399,0.5333333333333333,1.0
360,resp2144,resp4914,0.24,4.0
361,resp2149,resp4935,0.48,6.0
362,resp2152,resp4169,0.17052631578947364,4.0
363,resp2154,resp553,0.06,7.0
364,resp2161,resp1071,0.24,2.0
365,resp2164,resp4761,0.12,4.0
366,resp2170,resp4809,0.4114285714285714,3.0
367,resp2173,resp96,0.055000000000000014,3.0
368,resp2176,resp4789,0.2925,4.0
369,resp2178,resp4495,0.6,1.0
370,resp2178,resp4724,0.05,2.0
371,resp2178,resp4914,0.15,5.0
372,resp2181,resp5977,0.18,3.0
373,resp2182,resp2954,0.4547368421052632,5.0
374,resp2191,resp848,0.06,4.0
375,resp2194,resp2865,0.6,1.0
376,resp2194,resp96,0.05,4.0
377,resp2196,resp5941,0.2475,8.0
378,resp2204,resp2562,0.225,5.0
379,resp2209,resp5871,0.54,1.0
380,resp2219,resp1224,0.08,4.0
381,resp2219,resp1385,0.7999999999999999,1.0
382,resp2220,resp3192,0.4430769230769231,1.0
383,resp2222,resp2834,0.48,3.0
384,resp2236,resp4374,0.64,1.0
385,resp2237,resp3520,0.3657142857142857,4.0
386,resp2238,resp143,0.12,3.0
387,resp2239,resp1944,0.048,7.0
388,resp2242,resp3520,0.03428571428571429,9.0
389,resp2244,resp819,0.3,3.0
390,resp225,resp2264,0.3428571428571429,2.0
391,resp2253,resp848,0.15428571428571428,2.0
392,resp2269,resp346,0.54,3.0
393,resp2275,resp328,0.18,1.0
394,resp2279,resp2659,0.5760000000000001,1.0
395,resp2285,resp2072,0.72,1.0
396,resp2288,resp3608,0.5142857142857142,2.0
397,resp2294,resp3,0.375,3.0
398,resp2300,resp2461,0.4400000000000001,1.0
399,resp2300,resp3989,0.055000000000000014,7.0
400,resp2312,resp2072,0.36,3.0
401,resp2318,resp1379,0.17052631578947364,3.0
402,resp2318,resp2562,0.17052631578947364,7.0
403,resp2319,resp3159,0.2290909090909091,5.0
404,resp2322,resp3006,0.42,2.0
405,resp2322,resp5153,0.42,4.0
406,resp2326,resp2378,0.5760000000000001,2.0
407,resp2328,resp2950,0.45,3.0
408,resp2328,resp5584,0.045,9.0
409,resp2330,resp2681,0.15,3.0
410,resp2333,resp3447,0.135,3.0
411,resp2335,resp4935,0.15,20.0
412,resp2336,resp488,0.0675,11.0
413,resp2343,resp1841,0.4430769230769231,1.0
414,resp2343,resp3194,0.05538461538461538,4.0
415,resp2343,resp3752,0.05538461538461538,6.0
416,resp2344,resp4643,0.12,8.0
417,resp2345,resp2159,0.36,1.0
418,resp2346,resp1908,0.06,8.0
419,resp2348,resp346,0.14400000000000002,8.0
420,resp235,resp3356,0.045,4.0
421,resp2350,resp2834,0.08,11.0
422,resp2360,resp3797,0.6646153846153846,1.0
423,resp2364,resp4169,0.051428571428571435,11.0
424,resp2366,resp5657,0.11076923076923076,7.0
425,resp238,resp819,0.4114285714285714,2.0
426,resp2383,resp2128,0.252,6.0
427,resp2386,resp2804,0.42,1.0
428,resp2389,resp965,0.135,5.0
429,resp2390,resp4275,0.12461538461538466,1.0
430,resp2394,resp3756,0.3692307692307692,6.0
431,resp2403,resp4308,0.72,1.0
432,resp2403,resp4643,0.06,11.0
433,resp2407,resp4483,0.4363636363636363,2.0
434,resp2408,resp5727,0.4114285714285714,3.0
435,resp241,resp5535,0.05,7.0
436,resp2410,resp2545,0.4114285714285714,1.0
437,resp2416,resp5484,0.3490909090909091,7.0
438,resp2417,resp2475,0.4,4.0
439,resp2419,resp4704,0.135,3.0
440,resp242,resp5657,0.12,6.0
441,resp2420,resp1723,0.10956521739130436,5.0
442,resp2420,resp6026,0.4382608695652174,1.0
443,resp2421,resp4759,0.4114285714285714,2.0
444,resp2422,resp6078,0.2290909090909091,3.0
445,resp2423,resp328,0.07200000000000001,2.0
446,resp2427,resp1804,0.07,1.0
447,resp2435,resp2475,0.045,9.0
448,resp2438,resp2373,0.48,5.0
449,resp244,resp4049,0.48,2.0
450,resp2440,resp4800,0.3927272727272727,1.0
451,resp2443,resp6119,0.27,1.0
452,resp2447,resp3356,0.4,3.0
453,resp245,resp2039,0.26181818181818184,5.0
454,resp2450,resp1908,0.27,4.0
455,resp2454,resp5130,0.06,1.0
456,resp246,resp1908,0.09,6.0
457,resp2462,resp2950,0.06461538461538463,16.0
458,resp2468,resp4169,0.04,13.0
459,resp2469,resp2562,0.18,6.0
460,resp2469,resp4809,0.06,6.0
461,resp2475,resp689,0.065,4.0
462,resp2480,resp1723,0.37894736842105264,1.0
463,resp2481,resp1259,0.195,1.0
464,resp2483,resp399,0.4235294117647059,2.0
465,resp2490,resp2072,0.24,5.0
466,resp2492,resp5731,0.4,3.0
467,resp2494,resp5298,0.32,6.0
468,resp2498,resp2903,0.54,2.0
469,resp2500,resp4881,0.32,2.0
470,resp2501,resp5941,0.5,2.0
471,resp2502,resp5727,0.18,6.0
472,resp2507,resp5822,0.4266666666666665,3.0
473,resp2509,resp206,0.4,2.0
474,resp2510,resp3414,0.5236363636363636,2.0
475,resp2513,resp5944,0.18,6.0
476,resp2514,resp4704,0.28,2.0
477,resp2522,resp3608,0.18,8.0
478,resp2530,resp2039,0.075,9.0
479,resp2533,resp1224,0.27,2.0
480,resp2535,resp2378,0.312,6.0
481,resp254,resp4230,0.07058823529411766,7.0
482,resp2541,resp4169,0.18,3.0
483,resp2543,resp2339,0.48,2.0
484,resp2543,resp3365,0.06,2.0
485,resp2543,resp96,0.48,1.0
486,resp2552,resp4326,0.13714285714285715,5.0
487,resp2552,resp5788,0.4571428571428571,3.0
488,resp2555,resp1376,0.07,9.0
489,resp2559,resp3448,0.04,20.0
490,resp2559,resp6113,0.48,2.0
491,resp2563,resp5523,0.45,3.0
492,resp2566,resp2378,0.5142857142857142,4.0
493,resp2578,resp4214,0.162,10.0
494,resp2580,resp5913,0.384,5.0
495,resp2581,resp5484,0.35000000000000003,6.0
496,resp2582,resp4812,0.16363636363636366,9.0
497,resp2585,resp1075,0.18,1.0
498,resp2592,resp232,0.056,15.0
499,resp2593,resp2378,0.12,9.0
500,resp2595,resp6103,0.4,1.0
501,resp2597,resp2595,0.3054545454545454,1.0
502,resp2597,resp3366,0.11454545454545452,1.0
503,resp2599,resp4045,0.12,1.0
504,resp2608,resp2017,0.06352941176470588,5.0
505,resp2611,resp5730,0.5142857142857142,1.0
506,resp2613,resp2128,0.12,9.0
507,resp2630,resp5657,0.15,4.0
508,resp2633,resp3031,0.1,1.0
509,resp2637,resp5787,0.3333333333333333,3.0
510,resp2639,resp2562,0.06,12.0
511,resp2644,resp5481,0.5,4.0
512,resp2646,resp5913,0.12,10.0
513,resp2647,resp5535,0.14727272727272725,5.0
514,resp2649,resp3989,0.07428571428571427,5.0
515,resp265,resp3921,0.48,2.0
516,resp2653,resp4657,0.07384615384615384,5.0
517,resp2655,resp426,0.4235294117647059,2.0
518,resp2655,resp5200,0.03529411764705883,4.0
519,resp2661,resp1814,0.19384615384615386,2.0
520,resp2673,resp1476,0.12,2.0
521,resp2681,resp1841,0.052173913043478265,6.0
522,resp2681,resp3194,0.5217391304347827,3.0
523,resp2681,resp3752,0.4173913043478261,4.0
524,resp2688,resp2950,0.225,7.0
525,resp2695,resp5200,0.2025,3.0
526,resp2699,resp1559,0.045,16.0
527,resp2708,resp2903,0.14400000000000002,9.0
528,resp2714,resp848,0.33,1.0
529,resp2715,resp4571,0.12,12.0
530,resp2717,resp5123,0.5236363636363637,1.0
531,resp2718,resp2072,0.66,2.0
532,resp272,resp2322,0.5142857142857142,1.0
533,resp2721,resp3834,0.36,2.0
534,resp2734,resp169,0.54,3.0
535,resp2735,resp232,0.135,11.0
536,resp2736,resp3448,0.45,4.0
537,resp2741,resp4774,0.3054545454545454,7.0
538,resp2741,resp5731,0.03818181818181818,12.0
539,resp2742,resp2480,0.5142857142857142,1.0
540,resp2744,resp4214,0.3085714285714285,6.0
541,resp275,resp399,0.4114285714285714,3.0
542,resp2755,resp3448,0.21,13.0
543,resp2757,resp5588,0.16363636363636366,1.0
544,resp2780,resp346,0.18,7.0
545,resp2792,resp232,0.672,1.0
546,resp2792,resp4823,0.056,6.0
547,resp2795,resp2834,0.12,9.0
548,resp2797,resp5486,0.4114285714285714,2.0
549,resp2798,resp5584,0.5142857142857142,4.0
550,resp28,resp4298,0.18,4.0
551,resp2802,resp4417,0.48,2.0
552,resp2805,resp4643,0.1714285714285714,7.0
553,resp2808,resp4166,0.19285714285714284,5.0
554,resp281,resp410,0.18,7.0
555,resp2813,resp597,0.09,5.0
556,resp2814,resp4269,0.03428571428571429,4.0
557,resp2817,resp5584,0.06857142857142857,8.0
558,resp2824,resp1545,0.21,2.0
559,resp2828,resp2983,0.225,3.0
560,resp283,resp4571,0.12,12.0
561,resp2830,resp4326,0.18,3.0
562,resp2833,resp5787,0.4547368421052632,1.0
563,resp2838,resp91,0.4266666666666665,1.0
564,resp2839,resp142,0.12,1.0
565,resp2840,resp3488,0.43200000000000005,1.0
566,resp2848,resp5941,0.5008695652173912,1.0
567,resp2854,resp6078,0.24,2.0
568,resp2855,resp3448,0.3428571428571429,9.0
569,resp2864,resp1790,0.42,1.0
570,resp2864,resp3415,0.18899999999999997,1.0
571,resp2865,resp1376,0.056,12.0
572,resp2875,resp2302,0.43200000000000005,2.0
573,resp288,resp4935,0.768,1.0
574,resp2885,resp2816,0.6776470588235295,1.0
575,resp2887,resp4494,0.162,1.0
576,resp2888,resp2039,0.48,3.0
577,resp289,resp1358,0.06,3.0
578,resp2890,resp1723,0.2742857142857143,3.0
579,resp2891,resp689,0.324,3.0
580,resp2892,resp6113,0.36,4.0
581,resp2893,resp1559,0.18,9.0
582,resp2896,resp1153,0.12,2.0
583,resp29,resp2128,0.3150000000000001,5.0
584,resp2900,resp5944,0.36,3.0
585,resp2905,resp2543,0.3388235294117647,4.0
586,resp2906,resp4308,0.4,4.0
587,resp2909,resp3545,0.2571428571428571,11.0
588,resp2913,resp5788,0.35100000000000003,5.0
589,resp2917,resp742,0.3652173913043479,2.0
590,resp2919,resp488,0.1963636363636364,8.0
591,resp292,resp4169,0.04,13.0
592,resp2927,resp2562,0.09,9.0
593,resp293,resp4230,0.21,5.0
594,resp2939,resp346,0.036000000000000004,9.0
595,resp2940,resp2378,0.55,3.0
596,resp2947,resp1545,0.06,4.0
597,resp2947,resp2983,0.6,1.0
598,resp2952,resp5884,0.24,5.0
599,resp2958,resp206,0.18,3.0
600,resp2962,resp2890,0.12,5.0
601,resp2963,resp132,0.7854545454545454,1.0
602,resp2964,resp4812,0.4235294117647059,4.0
603,resp2970,resp3159,0.27,4.0
604,resp2971,resp2963,0.12,1.0
605,resp2973,resp4801,0.051428571428571435,5.0
606,resp2977,resp4081,0.12,1.0
607,resp2979,resp3752,0.4,5.0
608,resp2980,resp2885,0.45,4.0
609,resp2983,resp1545,0.27,1.0
610,resp2987,resp4771,0.35000000000000003,2.0
611,resp2988,resp1385,0.4,3.0
612,resp2988,resp1908,0.04,10.0
613,resp2989,resp4774,0.5,2.0
614,resp2999,resp5970,0.048,9.0
615,resp3000,resp4771,0.21,4.0
616,resp3003,resp5298,0.3428571428571429,5.0
617,resp3004,resp4008,0.3,1.0
618,resp3007,resp4771,0.07636363636363636,8.0
619,resp3008,resp3781,0.20571428571428574,3.0
620,resp3010,resp4801,0.3,1.0
621,resp3014,resp2322,0.4363636363636363,3.0
622,resp302,resp1043,0.5760000000000001,1.0
623,resp302,resp2681,0.07200000000000001,4.0
624,resp3023,resp3549,0.48,2.0
625,resp3024,resp4789,0.3,3.0
626,resp3025,resp4169,0.04615384615384615,12.0
627,resp3028,resp169,0.6260869565217391,1.0
628,resp303,resp4169,0.14823529411764708,5.0
629,resp3030,resp573,0.5538461538461539,1.0
630,resp3032,resp2562,0.07764705882352943,10.0
631,resp3035,resp213,0.23294117647058826,3.0
632,resp3039,resp4801,0.27,2.0
633,resp304,resp3921,0.4666666666666666,3.0
634,resp3053,resp5884,0.4,4.0
635,resp3063,resp5484,0.26666666666666666,9.0
636,resp307,resp4098,0.20571428571428574,1.0
637,resp3070,resp91,0.12857142857142856,8.0
638,resp3072,resp4571,0.20571428571428574,9.0
639,resp3079,resp460,0.18,4.0
640,resp308,resp5787,0.37894736842105264,2.0
641,resp3085,resp4812,0.27,7.0
642,resp3086,resp488,0.672,1.0
643,resp3089,resp4789,0.15157894736842106,7.0
644,resp3099,resp3595,0.12,7.0
645,resp3103,resp1603,0.48,1.0
646,resp3109,resp1687,0.5142857142857142,3.0
647,resp3110,resp4169,0.135,6.0
648,resp3119,resp1559,0.21600000000000005,7.0
649,resp312,resp2950,0.4,4.0
650,resp3121,resp4372,0.075,6.0
651,resp3125,resp3488,0.21333333333333326,2.0
652,resp3132,resp1124,0.135,2.0
653,resp3135,resp553,0.12,6.0
654,resp3137,resp4923,0.06,5.0
655,resp3138,resp4774,0.45,3.0
656,resp314,resp3311,0.18,2.0
657,resp3144,resp2834,0.5760000000000001,1.0
658,resp3147,resp1960,0.055000000000000014,4.0
659,resp3151,resp5788,0.24,7.0
660,resp3158,resp346,0.4,4.0
661,resp3159,resp1188,0.75,1.0
662,resp3160,resp11,0.4235294117647059,5.0
663,resp3163,resp474,0.64,1.0
664,resp3168,resp5870,0.3085714285714285,2.0
665,resp3169,resp2562,0.28800000000000003,4.0
666,resp3170,resp4266,0.4430769230769231,3.0
667,resp3173,resp5977,0.15428571428571428,4.0
668,resp3176,resp3613,0.48,3.0
669,resp3180,resp1376,0.225,3.0
670,resp3182,resp1411,0.375,2.0
671,resp3182,resp1723,0.3,2.0
672,resp3184,resp3159,0.21600000000000005,6.0
673,resp3185,resp137,0.48,1.0
674,resp3194,resp1038,0.29538461538461536,3.0
675,resp3196,resp6038,0.42857142857142855,1.0
676,resp3197,resp930,0.06666666666666668,9.0
677,resp3199,resp5298,0.32,6.0
678,resp3202,resp1811,0.32,1.0
679,resp3203,resp2954,0.43200000000000005,7.0
680,resp3204,resp91,0.21818181818181814,4.0
681,resp3207,resp4181,0.18,4.0
682,resp321,resp4935,0.20571428571428574,17.0
683,resp3213,resp1703,0.24,4.0
684,resp3227,resp5535,0.2025,4.0
685,resp3229,resp3414,0.4114285714285714,4.0
686,resp3232,resp5871,0.48,2.0
687,resp3238,resp930,0.32,2.0
688,resp3245,resp5523,0.4363636363636363,4.0
689,resp3248,resp4774,0.06,13.0
690,resp3251,resp3210,0.5760000000000001,1.0
691,resp3251,resp5955,0.048,4.0
692,resp3252,resp4541,0.27,1.0
693,resp3254,resp1944,0.06,6.0
694,resp3257,resp4483,0.4363636363636363,2.0
695,resp3261,resp11,0.3085714285714285,10.0
696,resp3264,resp1311,0.5,1.0
697,resp3268,resp3193,0.54,1.0
698,resp3270,resp5298,0.5485714285714286,1.0
699,resp328,resp1723,0.042,7.0
700,resp328,resp2918,0.336,1.0
701,resp3282,resp573,0.48,5.0
702,resp3283,resp2373,0.6499999999999999,1.0
703,resp3287,resp2950,0.15,10.0
704,resp3296,resp6208,0.5760000000000001,1.0
705,resp330,resp4799,0.54,2.0
706,resp3303,resp5267,0.6776470588235295,1.0
707,resp3307,resp5941,0.12,9.0
708,resp3308,resp5430,0.5538461538461538,1.0
709,resp3310,resp4448,0.055000000000000014,1.0
710,resp3311,resp3989,0.07058823529411766,6.0
711,resp3312,resp488,0.27,7.0
712,resp3313,resp597,0.18,3.0
713,resp3314,resp4269,0.08,3.0
714,resp3316,resp3608,0.32,6.0
715,resp3319,resp4823,0.5454545454545454,2.0
716,resp3320,resp3259,0.28800000000000003,7.0
717,resp3321,resp4330,0.3,2.0
718,resp3321,resp828,0.1125,4.0
719,resp3323,resp1703,0.32,3.0
720,resp3325,resp2567,0.051428571428571435,6.0
721,resp3328,resp3989,0.05,9.0
722,resp333,resp1559,0.28800000000000003,6.0
723,resp3330,resp169,0.21600000000000005,8.0
724,resp3331,resp3448,0.36,6.0
725,resp3352,resp930,0.24,4.0
726,resp3353,resp1349,0.6461538461538461,1.0
727,resp3354,resp2567,0.04,7.0
728,resp3356,resp2333,0.2571428571428571,1.0
729,resp3356,resp3447,0.1714285714285714,2.0
730,resp3358,resp3595,0.43200000000000005,3.0
731,resp3359,resp3180,0.7854545454545454,1.0
732,resp3368,resp5944,0.27,5.0
733,resp3371,resp4571,0.08,14.0
734,resp338,resp4935,0.1963636363636364,18.0
735,resp3391,resp5846,0.5236363636363636,3.0
736,resp3392,resp1723,0.16363636363636366,4.0
737,resp3392,resp2503,0.5454545454545454,1.0
738,resp3393,resp4812,0.06,14.0
739,resp3394,resp5871,0.105,3.0
740,resp3397,resp5731,0.05538461538461538,11.0
741,resp340,resp5285,0.37799999999999995,2.0
742,resp3402,resp2954,0.2618181818181818,11.0
743,resp3404,resp4261,0.4,2.0
744,resp3409,resp4935,0.20571428571428574,17.0
745,resp3410,resp3448,0.12705882352941175,16.0
746,resp3414,resp1376,0.225,3.0
747,resp342,resp5838,0.3272727272727273,1.0
748,resp3421,resp169,0.28800000000000003,5.0
749,resp3428,resp1944,0.7304347826086958,1.0
750,resp3429,resp1376,0.16500000000000006,5.0
751,resp343,resp5298,0.5,2.0
752,resp3434,resp4298,0.36,3.0
753,resp3435,resp3448,0.18,14.0
754,resp3436,resp3392,0.048,1.0
755,resp3441,resp716,0.32,2.0
756,resp3444,resp2954,0.5485714285714286,2.0
757,resp3445,resp5941,0.3952941176470589,5.0
758,resp3447,resp1147,0.06545454545454546,4.0
759,resp3447,resp2249,0.5236363636363637,2.0
760,resp3452,resp4166,0.324,3.0
761,resp3453,resp232,0.05,16.0
762,resp3455,resp2322,0.4725,2.0
763,resp3456,resp2545,0.36,3.0
764,resp3459,resp2475,0.18,8.0
765,resp346,resp5965,0.34363636363636363,3.0
766,resp3465,resp4842,0.12,1.0
767,resp3475,resp1349,0.06461538461538463,7.0
768,resp3475,resp2856,0.6461538461538461,1.0
769,resp3478,resp2128,0.375,4.0
770,resp3480,resp1147,0.64,1.0
771,resp3484,resp4935,0.15428571428571428,19.0
772,resp3486,resp4269,0.24,2.0
773,resp3490,resp2649,0.451764705882353,1.0
774,resp3497,resp2532,0.6545454545454545,1.0
775,resp3498,resp4181,0.12705882352941175,5.0
776,resp3499,resp4935,0.2463157894736842,15.0
777,resp350,resp4789,0.2475,6.0
778,resp3502,resp169,0.28,6.0
779,resp3502,resp2532,0.42,2.0
780,resp3505,resp5913,0.5760000000000001,2.0
781,resp3508,resp3756,0.09,11.0
782,resp351,resp2562,0.5929411764705883,1.0
783,resp3511,resp5203,0.23142857142857146,1.0
784,resp3512,resp3545,0.6171428571428571,3.0
785,resp3513,resp6098,0.064,7.0
786,resp3516,resp2475,0.7384615384615385,1.0
787,resp3521,resp6116,0.24,1.0
788,resp3536,resp716,0.36,1.0
789,resp3538,resp4935,0.051428571428571435,23.0
790,resp3539,resp2584,0.66,1.0
791,resp3541,resp2066,0.56,2.0
792,resp3541,resp4643,0.07,10.0
793,resp3545,resp2831,0.66,1.0
794,resp3546,resp4541,0.18,3.0
795,resp3547,resp5535,0.5538461538461538,1.0
796,resp3550,resp3159,0.54,2.0
797,resp3557,resp195,0.09,4.0
798,resp3558,resp410,0.135,8.0
799,resp3558,resp6098,0.45,2.0
800,resp356,resp346,0.27,5.0
801,resp3562,resp6237,0.6,1.0
802,resp3565,resp4049,0.35000000000000003,4.0
803,resp3568,resp1387,0.8861538461538462,1.0
804,resp3571,resp3949,0.5760000000000001,1.0
805,resp3572,resp5727,0.4114285714285714,3.0
806,resp3574,resp2834,0.13263157894736846,8.0
807,resp3575,resp4774,0.375,6.0
808,resp3578,resp410,0.6857142857142857,1.0
809,resp3579,resp2128,0.1,10.0
810,resp3584,resp514,0.04,8.0
811,resp3586,resp597,0.2347826086956521,2.0
812,resp3590,resp2475,0.3375,6.0
813,resp3590,resp756,0.225,2.0
814,resp360,resp4266,0.3,4.0
815,resp3601,resp3989,0.05052631578947368,8.0
816,resp3602,resp1071,0.3150000000000001,1.0
817,resp3605,resp2303,0.22153846153846155,1.0
818,resp3606,resp828,0.32,2.0
819,resp3608,resp534,0.4,2.0
820,resp3609,resp1559,0.192,8.0
821,resp3613,resp1841,0.12,4.0
822,resp3617,resp5913,0.21600000000000005,7.0
823,resp3618,resp3595,0.5485714285714286,1.0
824,resp362,resp5618,0.08470588235294119,8.0
825,resp3620,resp1606,0.7799999999999999,1.0
826,resp3620,resp3458,0.195,4.0
827,resp3623,resp2584,0.36,3.0
828,resp3626,resp4935,0.27,14.0
829,resp3626,resp5913,0.72,1.0
830,resp3628,resp608,0.06,5.0
831,resp363,resp2475,0.4,4.0
832,resp3632,resp105,0.3692307692307693,1.0
833,resp3634,resp2834,0.24,6.0
834,resp3639,resp11,0.4114285714285714,7.0
835,resp3640,resp1022,0.06,2.0
836,resp3643,resp1379,0.09333333333333332,5.0
837,resp3644,resp5484,0.36,5.0
838,resp3651,resp4657,0.14400000000000002,4.0
839,resp3655,resp6098,0.12,6.0
840,resp3658,resp2950,0.16500000000000006,9.0
841,resp3660,resp573,0.42857142857142855,6.0
842,resp3665,resp2659,0.18947368421052632,8.0
843,resp3665,resp3756,0.18947368421052632,9.0
844,resp3667,resp1022,0.09428571428571428,1.0
845,resp3668,resp369,0.4114285714285714,1.0
846,resp3670,resp1929,0.4114285714285714,1.0
847,resp3674,resp2832,0.06,2.0
848,resp3674,resp4799,0.48,3.0
849,resp3675,resp4452,0.16363636363636366,4.0
850,resp3676,resp2562,0.075,11.0
851,resp368,resp2865,0.2742857142857143,3.0
852,resp3683,resp4373,0.04,1.0
853,resp3684,resp5267,0.384,5.0
854,resp3687,resp844,0.5142857142857142,2.0
855,resp3699,resp5481,0.28800000000000003,6.0
856,resp3701,resp5788,0.12,11.0
857,resp3709,resp5618,0.3692307692307692,5.0
858,resp371,resp2681,0.5760000000000001,1.0
859,resp3712,resp4914,0.48,1.0
860,resp3713,resp5913,0.12,10.0
861,resp3715,resp4308,0.36,6.0
862,resp3716,resp3520,0.162,7.0
863,resp3729,resp2378,0.36,5.0
864,resp3734,resp4326,0.225,2.0
865,resp3736,resp5955,0.36,2.0
866,resp3739,resp4214,0.18,9.0
867,resp3746,resp5970,0.72,1.0
868,resp3748,resp5237,0.48,1.0
869,resp375,resp5022,0.4235294117647059,1.0
870,resp3751,resp2128,0.5760000000000001,1.0
871,resp3751,resp448,0.048,2.0
872,resp3752,resp1038,0.6545454545454545,1.0
873,resp3755,resp4326,0.07799999999999999,6.0
874,resp3759,resp4483,0.28800000000000003,3.0
875,resp3763,resp2017,0.12,3.0
876,resp3767,resp1252,0.252,1.0
877,resp3771,resp553,0.3,3.0
878,resp3774,resp5884,0.4666666666666666,3.0
879,resp3775,resp5873,0.05684210526315789,4.0
880,resp3776,resp4771,0.12,7.0
881,resp3779,resp514,0.18,3.0
882,resp378,resp5788,0.21,8.0
883,resp3780,resp4643,0.5866666666666666,1.0
884,resp3785,resp1879,0.36,1.0
885,resp3791,resp4230,0.28,3.0
886,resp3797,resp3198,0.54,2.0
887,resp3798,resp399,0.32,4.0
888,resp380,resp4789,0.28,5.0
889,resp3800,resp2378,0.6,1.0
890,resp3802,resp5618,0.05333333333333333,9.0
891,resp3804,resp4214,0.27,7.0
892,resp3804,resp4654,0.18,5.0
893,resp3804,resp4657,0.18,3.0
894,resp3809,resp2979,0.6,1.0
895,resp382,resp3781,0.05,5.0
896,resp3823,resp11,0.7799999999999999,1.0
897,resp3829,resp5788,0.5538461538461539,1.0
898,resp3836,resp848,0.048,5.0
899,resp3838,resp3614,0.1,2.0
900,resp3839,resp4711,0.6,1.0
901,resp3841,resp3520,0.21600000000000005,5.0
902,resp3845,resp4761,0.4363636363636363,1.0
903,resp3846,resp3756,1.0,1.0
904,resp3847,resp4952,0.48,1.0
905,resp3851,resp4326,0.3692307692307692,1.0
906,resp3874,resp5822,0.35000000000000003,5.0
907,resp3876,resp132,0.2,7.0
908,resp3879,resp5884,0.4,4.0
909,resp3885,resp4774,0.135,10.0
910,resp3887,resp1376,0.08,8.0
911,resp3890,resp3356,0.7799999999999999,1.0
912,resp3890,resp3494,0.52,2.0
913,resp3893,resp3458,0.72,1.0
914,resp3894,resp514,0.1,5.0
915,resp3899,resp3949,0.48,2.0
916,resp3901,resp4214,0.5760000000000001,1.0
917,resp3902,resp5941,0.48,3.0
918,resp3904,resp2066,0.2025,5.0
919,resp3905,resp5955,0.18,3.0
920,resp3906,resp2659,0.3657142857142857,5.0
921,resp3908,resp2250,0.29538461538461536,1.0
922,resp3909,resp4809,0.4,4.0
923,resp391,resp1772,0.35000000000000003,1.0
924,resp3913,resp5970,0.16500000000000006,5.0
925,resp392,resp5427,0.48,4.0
926,resp3921,resp494,0.04,5.0
927,resp3924,resp4812,0.19285714285714284,8.0
928,resp3929,resp82,0.6,1.0
929,resp3935,resp2696,0.24,3.0
930,resp3935,resp3978,0.24,3.0
931,resp3935,resp460,0.24,2.0
932,resp3937,resp35,0.5333333333333333,2.0
933,resp3940,resp5913,0.54,4.0
934,resp3941,resp5977,0.19636363636363635,2.0
935,resp3947,resp2954,0.3,9.0
936,resp3949,resp4571,0.10956521739130436,13.0
937,resp3958,resp5787,0.3333333333333333,3.0
938,resp3961,resp2039,0.21600000000000005,7.0
939,resp3964,resp1204,0.18,6.0
940,resp3965,resp1313,0.32,1.0
941,resp3966,resp3419,0.18,1.0
942,resp3967,resp1559,0.03428571428571429,18.0
943,resp3968,resp2859,0.6545454545454545,1.0
944,resp3970,resp2903,0.54,2.0
945,resp3973,resp235,0.042857142857142864,4.0
946,resp3974,resp4181,0.18,4.0
947,resp3976,resp35,0.135,9.0
948,resp3979,resp179,0.28800000000000003,1.0
949,resp3982,resp2891,0.4,2.0
950,resp399,resp5965,0.36,2.0
951,resp3991,resp3921,0.12,6.0
952,resp3992,resp4871,0.48,1.0
953,resp3993,resp1476,0.4382608695652174,1.0
954,resp3995,resp213,0.05333333333333333,9.0
955,resp40,resp2954,0.2858823529411765,10.0
956,resp4008,resp4571,0.045714285714285714,20.0
957,resp4009,resp1358,0.32,2.0
958,resp401,resp5731,0.24,6.0
959,resp4012,resp4643,0.04615384615384615,13.0
960,resp4013,resp1376,0.051428571428571435,14.0
961,resp4020,resp169,0.04,11.0
962,resp4020,resp2532,0.04,5.0
963,resp4020,resp4923,0.04,6.0
964,resp4021,resp3972,0.15,3.0
965,resp4024,resp1772,0.08,4.0
966,resp4034,resp169,0.1,9.0
967,resp4038,resp5200,0.26181818181818184,1.0
968,resp4039,resp3015,0.3272727272727273,1.0
969,resp4039,resp3190,0.3272727272727273,1.0
970,resp4042,resp2659,0.384,4.0
971,resp4046,resp2159,0.28800000000000003,2.0
972,resp4050,resp5484,0.5647058823529413,1.0
973,resp4052,resp232,0.18,10.0
974,resp4054,resp4302,0.12,1.0
975,resp4066,resp4881,0.3323076923076924,1.0
976,resp4066,resp5083,0.08307692307692308,4.0
977,resp4069,resp664,0.18,2.0
978,resp407,resp514,0.08,6.0
979,resp4074,resp515,0.48,1.0
980,resp4082,resp2903,0.28800000000000003,4.0
981,resp4083,resp3159,0.5538461538461539,1.0
982,resp4086,resp2562,0.36,3.0
983,resp4088,resp11,0.36,9.0
984,resp409,resp608,0.048,6.0
985,resp4095,resp2236,0.04,8.0
986,resp4100,resp5913,0.1705263157894737,8.0
987,resp4101,resp5884,0.5454545454545454,2.0
988,resp4105,resp4266,0.108,5.0
989,resp4106,resp6078,0.384,1.0
990,resp4108,resp2322,0.36,4.0
991,resp4113,resp1355,0.64,1.0
992,resp4114,resp2475,0.3927272727272727,5.0
993,resp4116,resp4771,0.15,6.0
994,resp4118,resp3414,0.48,3.0
995,resp4119,resp4695,0.4421052631578947,1.0
996,resp4127,resp4809,0.4400000000000001,2.0
997,resp4128,resp90,0.48,1.0
998,resp413,resp96,0.24,2.0
999,resp4138,resp5913,0.15428571428571428,9.0
1000,resp4140,resp5884,0.14400000000000002,6.0
1001,resp4142,resp3949,0.36,3.0
1002,resp4143,resp3756,0.054545454545454536,12.0
1003,resp4148,resp3,0.5599999999999999,1.0
1004,resp4150,resp5727,0.64,1.0
1005,resp4172,resp2343,0.448,4.0
1006,resp418,resp3613,0.5236363636363637,2.0
1007,resp418,resp589,0.06545454545454546,1.0
1008,resp4180,resp1170,0.06,8.0
1009,resp4181,resp3198,0.6545454545454547,1.0
1010,resp4182,resp2954,0.04,16.0
1011,resp4184,resp748,0.5454545454545454,1.0
1012,resp4192,resp2017,0.4421052631578947,2.0
1013,resp4195,resp1416,0.72,1.0
1014,resp4197,resp3448,0.24,12.0
1015,resp4198,resp2128,0.5557894736842105,2.0
1016,resp420,resp3567,0.22,1.0
1017,resp4202,resp2654,0.5,1.0
1018,resp4204,resp4571,0.06,16.0
1019,resp4208,resp5267,0.26666666666666666,7.0
1020,resp4221,resp2890,0.3,4.0
1021,resp4223,resp737,0.23142857142857146,3.0
1022,resp4230,resp1161,0.5333333333333333,1.0
1023,resp4234,resp2903,0.06545454545454546,11.0
1024,resp4235,resp1559,0.12,11.0
1025,resp4237,resp1147,0.48,2.0
1026,resp4237,resp1210,0.18,3.0
1027,resp4238,resp6257,0.24,3.0
1028,resp4240,resp3620,0.35000000000000003,1.0
1029,resp4241,resp2480,0.3,3.0
1030,resp4244,resp2543,0.384,2.0
1031,resp4245,resp597,0.28,1.0
1032,resp4246,resp3613,0.24,5.0
1033,resp4255,resp1379,0.15750000000000006,4.0
1034,resp4257,resp283,0.54,2.0
1035,resp4259,resp1071,0.096,3.0
1036,resp4261,resp1188,0.135,7.0
1037,resp4264,resp5873,0.045,5.0
1038,resp4266,resp4571,0.04695652173913043,19.0
1039,resp4269,resp5153,0.54,2.0
1040,resp4271,resp716,0.18,3.0
1041,resp4272,resp2954,0.5236363636363637,4.0
1042,resp4275,resp1376,0.06,11.0
1043,resp428,resp5047,0.18,4.0
1044,resp4280,resp1170,0.4430769230769231,6.0
1045,resp4285,resp5970,0.2475,3.0
1046,resp4287,resp1848,0.3,1.0
1047,resp4288,resp3448,0.18,14.0
1048,resp4292,resp448,0.3,1.0
1049,resp4295,resp4206,0.36,1.0
1050,resp4296,resp309,0.135,1.0
1051,resp4298,resp3221,0.64,1.0
1052,resp4299,resp4977,0.48,1.0
1053,resp43,resp2832,0.07200000000000001,1.0
1054,resp43,resp4799,0.5760000000000001,1.0
1055,resp4301,resp4372,0.23625,3.0
1056,resp4306,resp5267,0.4430769230769231,3.0
1057,resp4312,resp4800,0.24,2.0
1058,resp4313,resp466,0.4114285714285714,2.0
1059,resp4318,resp1376,0.052173913043478265,13.0
1060,resp4319,resp2986,0.09,1.0
1061,resp4321,resp5427,0.12,5.0
1062,resp4323,resp2797,0.051428571428571435,1.0
1063,resp4324,resp11,0.4363636363636363,4.0
1064,resp4325,resp1376,0.12,7.0
1065,resp4326,resp595,0.4,1.0
1066,resp4330,resp2558,0.5142857142857142,1.0
1067,resp4333,resp3259,0.6063157894736841,3.0
1068,resp4336,resp3259,0.48,4.0
1069,resp4338,resp3781,0.7000000000000001,1.0
1070,resp434,resp1029,0.43200000000000005,1.0
1071,resp4340,resp3072,0.72,1.0
1072,resp4342,resp4417,0.451764705882353,3.0
1073,resp4345,resp5481,0.675,2.0
1074,resp4356,resp5727,0.54,2.0
1075,resp4358,resp3595,0.4,5.0
1076,resp4360,resp3545,0.18,14.0
1077,resp4366,resp5913,0.084,11.0
1078,resp4369,resp2950,0.6,1.0
1079,resp4373,resp3989,0.25826086956521743,1.0
1080,resp4376,resp4483,0.24,4.0
1081,resp4378,resp4654,0.13846153846153844,6.0
1082,resp4381,resp4181,0.12,6.0
1083,resp4385,resp5123,0.36,3.0
1084,resp4390,resp608,0.06,5.0
1085,resp4391,resp2236,0.3,4.0
1086,resp4397,resp2302,0.4430769230769231,1.0
1087,resp44,resp3414,0.21600000000000005,5.0
1088,resp4402,resp3756,0.27,8.0
1089,resp4413,resp5588,0.064,4.0
1090,resp4414,resp4166,0.24,4.0
1091,resp4415,resp756,0.03529411764705883,3.0
1092,resp4421,resp91,0.14823529411764708,7.0
1093,resp4426,resp1772,0.3375,2.0
1094,resp4429,resp488,0.18,10.0
1095,resp443,resp5427,0.54,1.0
1096,resp4432,resp3781,0.4114285714285714,2.0
1097,resp4436,resp2954,0.54,3.0
1098,resp4440,resp90,0.3692307692307693,2.0
1099,resp4442,resp1559,0.42,4.0
1100,resp4442,resp1687,0.42,4.0
1101,resp4449,resp3448,0.3085714285714285,11.0
1102,resp445,resp346,0.24,6.0
1103,resp4450,resp5481,0.065,7.0
1104,resp4450,resp5731,0.065,10.0
1105,resp4451,resp2055,0.2025,3.0
1106,resp4453,resp473,0.42,2.0
1107,resp4455,resp2373,0.4615384615384615,6.0
1108,resp4457,resp1371,0.18,5.0
1109,resp4463,resp5200,0.252,2.0
1110,resp4466,resp5731,0.5,2.0
1111,resp4467,resp2250,0.2557894736842105,2.0
1112,resp4473,resp5846,0.5760000000000001,2.0
1113,resp4476,resp2072,0.27,4.0
1114,resp4478,resp2562,0.09,9.0
1115,resp448,resp2947,0.5760000000000001,1.0
1116,resp449,resp5970,0.042857142857142864,10.0
1117,resp4491,resp2562,0.36,3.0
1118,resp4492,resp5427,0.5236363636363636,2.0
1119,resp4495,resp85,0.72,1.0
1120,resp4498,resp3448,0.36,6.0
1121,resp4502,resp3887,0.5142857142857142,1.0
1122,resp4503,resp2954,0.672,1.0
1123,resp4504,resp232,0.04615384615384615,17.0
1124,resp4506,resp5535,0.4430769230769231,2.0
1125,resp4511,resp5953,0.5538461538461539,2.0
1126,resp4524,resp628,0.09,1.0
1127,resp4527,resp474,0.48,2.0
1128,resp4532,resp4166,0.4235294117647059,2.0
1129,resp4536,resp488,0.48,2.0
1130,resp4539,resp3448,0.35294117647058826,7.0
1131,resp4541,resp1188,0.108,8.0
1132,resp4550,resp903,0.4114285714285714,2.0
1133,resp4554,resp5351,0.12,3.0
1134,resp4558,resp5,0.4363636363636363,2.0
1135,resp456,resp3673,0.05,2.0
1136,resp4561,resp2072,0.055000000000000014,7.0
1137,resp4561,resp4812,0.4400000000000001,3.0
1138,resp4563,resp1170,0.55,3.0
1139,resp4563,resp553,0.055000000000000014,8.0
1140,resp4569,resp5727,0.24,5.0
1141,resp4570,resp2128,0.16615384615384615,7.0
1142,resp4571,resp2983,0.065,4.0
1143,resp4574,resp3458,0.4114285714285714,2.0
1144,resp4576,resp2039,0.21600000000000005,7.0
1145,resp4579,resp2890,0.4042105263157895,2.0
1146,resp4581,resp2373,0.2842105263157895,12.0
1147,resp4584,resp4571,0.2475,5.0
1148,resp4593,resp2950,0.06,17.0
1149,resp460,resp494,0.28,2.0
1150,resp4600,resp4483,0.6,1.0
1151,resp4604,resp488,0.3,6.0
1152,resp4606,resp2915,0.34714285714285714,3.0
1153,resp4607,resp2066,0.28800000000000003,3.0
1154,resp461,resp4169,0.07058823529411766,8.0
1155,resp4611,resp3549,0.07636363636363636,5.0
1156,resp4612,resp4169,0.28,2.0
1157,resp4613,resp3756,0.054545454545454536,12.0
1158,resp4614,resp4308,0.384,5.0
1159,resp4614,resp4643,0.48,4.0
1160,resp4615,resp4935,0.54,4.0
1161,resp4616,resp4935,0.5142857142857142,5.0
1162,resp4618,resp2903,0.13090909090909092,10.0
1163,resp4620,resp3756,0.6545454545454545,2.0
1164,resp4630,resp410,0.504,4.0
1165,resp4631,resp3756,0.135,10.0
1166,resp4632,resp3545,0.48,5.0
1167,resp4633,resp5884,0.24,5.0
1168,resp4638,resp5657,0.1,8.0
1169,resp4640,resp2378,0.20769230769230768,8.0
1170,resp4641,resp819,0.6,1.0
1171,resp4645,resp2709,0.5485714285714286,1.0
1172,resp4646,resp4169,0.054545454545454536,10.0
1173,resp4649,resp4695,0.06947368421052631,2.0
1174,resp465,resp5657,0.48,1.0
1175,resp4656,resp5267,0.4266666666666665,4.0
1176,resp4658,resp4417,0.48,2.0
1177,resp4658,resp737,0.48,1.0
1178,resp4670,resp5484,0.55,2.0
1179,resp4676,resp2954,0.4,8.0
1180,resp4677,resp1559,0.5142857142857142,2.0
1181,resp4678,resp3259,0.4114285714285714,5.0
1182,resp4683,resp2649,0.21600000000000005,3.0
1183,resp4684,resp11,0.48,3.0
1184,resp4687,resp5,0.55,1.0
1185,resp4688,resp2264,0.4581818181818182,1.0
1186,resp469,resp4574,0.6,1.0
1187,resp4691,resp4452,0.18,3.0
1188,resp4692,resp2302,0.36,3.0
1189,resp4694,resp2543,0.2475,5.0
1190,resp4699,resp232,0.12,13.0
1191,resp4703,resp3944,0.37894736842105264,1.0
1192,resp4708,resp4240,0.42,1.0
1193,resp471,resp5970,0.13846153846153844,6.0
1194,resp4710,resp4311,0.24,1.0
1195,resp4713,resp4214,0.4615384615384615,4.0
1196,resp4716,resp1960,0.3692307692307693,2.0
1197,resp472,resp206,0.42857142857142855,1.0
1198,resp4720,resp195,0.63,1.0
1199,resp4722,resp4935,0.4114285714285714,8.0
1200,resp4727,resp5022,0.18,3.0
1201,resp473,resp4571,0.48,2.0
1202,resp4732,resp6233,0.12,1.0
1203,resp4746,resp1429,0.15750000000000006,2.0
1204,resp4747,resp929,0.27,2.0
1205,resp4748,resp2343,0.7000000000000001,2.0
1206,resp475,resp2017,0.08,4.0
1207,resp4754,resp1559,0.48,3.0
1208,resp4755,resp488,0.3333333333333333,5.0
1209,resp4756,resp3608,0.27,7.0
1210,resp4757,resp488,0.1905882352941176,9.0
1211,resp4761,resp2824,0.05,3.0
1212,resp4765,resp2039,0.6,1.0
1213,resp4767,resp2834,0.42,4.0
1214,resp4771,resp2339,0.4909090909090909,1.0
1215,resp4771,resp494,0.14727272727272725,4.0
1216,resp4772,resp3487,0.48,2.0
1217,resp4774,resp595,0.07636363636363636,2.0
1218,resp4778,resp1121,0.3,3.0
1219,resp4780,resp4654,0.3085714285714285,2.0
1220,resp4781,resp2856,0.36,4.0
1221,resp4783,resp4214,0.24,8.0
1222,resp4784,resp2954,0.22153846153846155,12.0
1223,resp4788,resp5953,0.15428571428571428,5.0
1224,resp4789,resp2831,0.5454545454545454,2.0
1225,resp4790,resp2373,0.24,13.0
1226,resp4797,resp2236,0.4695652173913044,2.0
1227,resp4797,resp4823,0.04695652173913043,7.0
1228,resp48,resp750,0.06,3.0
1229,resp4801,resp1841,0.2290909090909091,3.0
1230,resp4802,resp5181,0.3428571428571429,1.0
1231,resp4804,resp232,0.5760000000000001,2.0
1232,resp4805,resp5022,0.4114285714285714,2.0
1233,resp4809,resp3356,0.48,2.0
1234,resp4814,resp4169,0.06461538461538463,9.0
1235,resp4818,resp5584,0.2025,6.0
1236,resp4819,resp5944,0.5,1.0
1237,resp4824,resp5523,0.23625,5.0
1238,resp4825,resp6038,0.3733333333333333,2.0
1239,resp4829,resp3549,0.2025,3.0
1240,resp4835,resp3605,0.06,1.0
1241,resp4842,resp426,0.45,1.0
1242,resp4846,resp5618,0.56,2.0
1243,resp4847,resp4914,0.2475,3.0
1244,resp485,resp553,0.15428571428571428,5.0
1245,resp4851,resp3756,0.5142857142857142,4.0
1246,resp4853,resp5788,0.18,9.0
1247,resp486,resp5850,0.12,4.0
1248,resp4864,resp2236,0.6461538461538461,1.0
1249,resp4865,resp474,0.3692307692307693,3.0
1250,resp487,resp1429,0.08727272727272728,3.0
1251,resp4870,resp1376,0.18899999999999997,4.0
1252,resp4874,resp6078,0.05333333333333333,6.0
1253,resp488,resp2300,0.4400000000000001,1.0
1254,resp4890,resp5731,0.4,3.0
1255,resp490,resp4935,0.375,11.0
1256,resp4901,resp5618,0.6666666666666666,1.0
1257,resp4903,resp4266,0.6886956521739132,1.0
1258,resp4907,resp3549,0.14727272727272728,4.0
1259,resp4908,resp4952,0.2925,2.0
1260,resp4908,resp573,0.52,3.0
1261,resp4911,resp3921,0.3,5.0
1262,resp4915,resp2333,0.225,2.0
1263,resp4918,resp3520,0.4,3.0
1264,resp4925,resp1307,0.4,1.0
1265,resp4925,resp3487,0.6,1.0
1266,resp493,resp2302,0.3388235294117647,4.0
1267,resp4932,resp1559,0.035,17.0
1268,resp4933,resp3554,0.4114285714285714,1.0
1269,resp4935,resp2300,0.42,2.0
1270,resp4938,resp3359,0.4,1.0
1271,resp4946,resp3434,0.48,1.0
1272,resp4947,resp3921,0.37894736842105264,4.0
1273,resp4948,resp6113,0.54,1.0
1274,resp495,resp2343,0.27,5.0
1275,resp4966,resp2066,0.5760000000000001,1.0
1276,resp4969,resp2236,0.2223529411764706,5.0
1277,resp4971,resp3448,0.3176470588235294,10.0
1278,resp4972,resp5032,0.5760000000000001,1.0
1279,resp4976,resp1908,0.24,5.0
1280,resp4977,resp1188,0.28800000000000003,5.0
1281,resp4979,resp232,0.09,14.0
1282,resp4985,resp3545,0.09,17.0
1283,resp4987,resp3414,0.08,6.0
1284,resp4988,resp132,0.48,2.0
1285,resp4994,resp283,0.5538461538461538,1.0
1286,resp4997,resp5123,0.04,5.0
1287,resp5,resp494,0.2025,3.0
1288,resp50,resp1796,0.18,1.0
1289,resp5002,resp3434,0.18,2.0
1290,resp5005,resp2475,0.28800000000000003,7.0
1291,resp5007,resp3777,0.4,1.0
1292,resp502,resp2475,0.672,2.0
1293,resp5024,resp1703,0.15750000000000006,5.0
1294,resp5027,resp2420,0.4547368421052632,1.0
1295,resp5030,resp5,0.06545454545454546,5.0
1296,resp5033,resp5924,0.384,1.0
1297,resp5035,resp232,0.12857142857142856,12.0
1298,resp5037,resp2236,0.4,3.0
1299,resp5043,resp2856,0.405,2.0
1300,resp5047,resp4298,0.6,1.0
1301,resp5048,resp4169,0.12,7.0
1302,resp5049,resp5481,0.45,5.0
1303,resp5050,resp143,0.12705882352941175,2.0
1304,resp5051,resp3797,0.24,3.0
1305,resp5053,resp4823,0.6,1.0
1306,resp5060,resp1349,0.48,4.0
1307,resp5061,resp2236,0.162,6.0
1308,resp5062,resp5970,0.07200000000000001,7.0
1309,resp5067,resp2532,0.06285714285714286,4.0
1310,resp5067,resp4923,0.18857142857142856,3.0
1311,resp507,resp573,0.5,4.0
1312,resp5072,resp1772,0.1878260869565217,3.0
1313,resp5077,resp2915,0.24,4.0
1314,resp5083,resp4571,0.06461538461538463,15.0
1315,resp5087,resp35,0.21600000000000005,7.0
1316,resp5088,resp132,0.384,3.0
1317,resp5105,resp947,0.13090909090909092,5.0
1318,resp5108,resp1371,0.42857142857142855,2.0
1319,resp5112,resp5083,0.12,3.0
1320,resp5124,resp4308,0.32,7.0
1321,resp5138,resp35,0.48,3.0
1322,resp5139,resp3756,0.27,8.0
1323,resp5140,resp1349,0.43200000000000005,5.0
1324,resp5142,resp5787,0.12,5.0
1325,resp5145,resp2885,0.21333333333333326,6.0
1326,resp5148,resp4571,0.19384615384615386,10.0
1327,resp5149,resp91,0.1705263157894737,6.0
1328,resp515,resp4571,0.12,12.0
1329,resp5153,resp1701,0.6499999999999999,1.0
1330,resp5154,resp2128,0.09,11.0
1331,resp5158,resp3493,0.4,1.0
1332,resp5163,resp2950,0.28,6.0
1333,resp5169,resp488,0.43200000000000005,3.0
1334,resp5171,resp3061,0.12,1.0
1335,resp5180,resp848,0.15,3.0
1336,resp5181,resp1334,0.18,1.0
1337,resp5182,resp2834,0.48,3.0
1338,resp5186,resp5810,0.19636363636363635,3.0
1339,resp5186,resp5953,0.3490909090909091,3.0
1340,resp5187,resp3797,0.4363636363636363,2.0
1341,resp5193,resp930,0.6,1.0
1342,resp5194,resp373,0.6,1.0
1343,resp5194,resp5955,0.6,1.0
1344,resp5199,resp1204,0.5890909090909089,1.0
1345,resp5201,resp4166,0.43200000000000005,1.0
1346,resp5206,resp2948,0.2290909090909091,1.0
1347,resp5206,resp5810,0.2290909090909091,2.0
1348,resp5209,resp4935,0.4363636363636363,7.0
1349,resp521,resp2373,0.5760000000000001,3.0
1350,resp5213,resp4809,0.64,1.0
1351,resp5220,resp553,0.36,2.0
1352,resp5227,resp2567,0.06666666666666668,5.0
1353,resp5232,resp6038,0.3428571428571429,3.0
1354,resp5234,resp2887,0.08,1.0
1355,resp5236,resp3545,0.2492307692307693,12.0
1356,resp5237,resp4571,0.15,11.0
1357,resp5239,resp5618,0.324,6.0
1358,resp5243,resp3978,0.36,1.0
1359,resp5244,resp4774,0.12,11.0
1360,resp5245,resp999,0.18,1.0
1361,resp5246,resp4704,0.07,5.0
1362,resp5247,resp3259,0.384,6.0
1363,resp5258,resp91,0.04941176470588236,10.0
1364,resp5261,resp3520,0.18,6.0
1365,resp5267,resp5617,0.72,1.0
1366,resp527,resp2017,0.5760000000000001,1.0
1367,resp5274,resp1642,0.27,1.0
1368,resp5274,resp4483,0.06,6.0
1369,resp5278,resp1071,0.042857142857142864,4.0
1370,resp5284,resp514,0.24,2.0
1371,resp5285,resp1841,0.3692307692307693,2.0
1372,resp5289,resp6098,0.28,4.0
1373,resp5292,resp4935,0.15,20.0
1374,resp5295,resp232,0.225,8.0
1375,resp5298,resp2816,0.3428571428571429,2.0
1376,resp53,resp6078,0.21600000000000005,4.0
1377,resp5303,resp1204,0.54,2.0
1378,resp5304,resp5850,0.2,3.0
1379,resp5310,resp4935,0.32,12.0
1380,resp5312,resp742,0.18,4.0
1381,resp5314,resp3545,0.07636363636363636,18.0
1382,resp5315,resp213,0.07714285714285714,7.0
1383,resp5321,resp3613,0.36,4.0
1384,resp5323,resp4809,0.27,5.0
1385,resp5329,resp1183,0.4666666666666666,1.0
1386,resp533,resp3608,0.07,11.0
1387,resp5333,resp3545,0.06,19.0
1388,resp534,resp1121,0.54,2.0
1389,resp5340,resp169,0.24,7.0
1390,resp5340,resp2532,0.24,3.0
1391,resp5345,resp4799,0.4430769230769231,4.0
1392,resp5346,resp5941,0.2945454545454545,6.0
1393,resp5351,resp6061,0.24,1.0
1394,resp5357,resp2039,0.36,4.0
1395,resp5359,resp283,0.3927272727272727,3.0
1396,resp536,resp597,0.12,4.0
1397,resp5360,resp4761,0.05,5.0
1398,resp5362,resp2950,0.06545454545454546,14.0
1399,resp5365,resp4206,0.21,2.0
1400,resp5365,resp5047,0.3733333333333333,3.0
1401,resp5366,resp3972,0.20769230769230768,2.0
1402,resp5368,resp4181,0.045,8.0
1403,resp538,resp4812,0.08,12.0
1404,resp5380,resp3595,0.1718181818181818,6.0
1405,resp5384,resp213,0.06,8.0
1406,resp5385,resp4214,0.5538461538461539,2.0
1407,resp5400,resp3797,0.18,4.0
1408,resp5400,resp4181,0.4,2.0
1409,resp5404,resp5788,0.5,2.0
1410,resp5407,resp4812,0.12,10.0
1411,resp5408,resp947,0.3,2.0
1412,resp5409,resp4935,0.06,22.0
1413,resp541,resp4326,0.16500000000000006,4.0
1414,resp5410,resp2983,0.5236363636363636,2.0
1415,resp5415,resp35,0.43200000000000005,4.0
1416,resp5417,resp132,0.08,8.0
1417,resp5418,resp4372,0.3,2.0
1418,resp5422,resp3756,0.03529411764705883,14.0
1419,resp5424,resp213,0.04421052631578948,10.0
1420,resp5426,resp6095,0.04,1.0
1421,resp5427,resp3356,0.48,2.0
1422,resp5427,resp3494,0.5760000000000001,1.0
1423,resp5428,resp4684,0.29538461538461536,1.0
1424,resp543,resp1349,0.6109090909090908,2.0
1425,resp5432,resp750,0.24,1.0
1426,resp5434,resp3545,0.4042105263157895,7.0
1427,resp5444,resp4774,0.05,14.0
1428,resp545,resp1164,0.72,1.0
1429,resp5464,resp5267,0.6,2.0
1430,resp5465,resp4169,0.525,1.0
1431,resp547,resp1908,0.048,9.0
1432,resp5470,resp213,0.10285714285714287,5.0
1433,resp5471,resp1214,0.5142857142857142,1.0
1434,resp5472,resp2696,0.18,4.0
1435,resp5484,resp1534,0.3927272727272727,1.0
1436,resp5487,resp195,0.2742857142857143,3.0
1437,resp549,resp3608,0.384,5.0
1438,resp5492,resp1396,0.04235294117647058,2.0
1439,resp5500,resp2343,0.7999999999999999,1.0
1440,resp5500,resp4801,0.08,4.0
1441,resp5517,resp5913,0.5634782608695653,3.0
1442,resp5519,resp2584,0.2,4.0
1443,resp5522,resp4169,0.18,3.0
1444,resp5523,resp1188,0.2925,4.0
1445,resp5523,resp5965,0.195,4.0
1446,resp5529,resp11,0.24,11.0
1447,resp5531,resp346,0.6545454545454547,1.0
1448,resp5533,resp4372,0.14400000000000002,5.0
1449,resp5534,resp2824,0.21600000000000005,2.0
1450,resp5535,resp1188,0.24,6.0
1451,resp5537,resp4774,0.4114285714285714,4.0
1452,resp5541,resp664,0.72,1.0
1453,resp5542,resp1214,0.36,2.0
1454,resp5545,resp2804,0.36,2.0
1455,resp5548,resp5541,0.24,1.0
1456,resp5556,resp2696,0.42,1.0
1457,resp5558,resp1477,0.18,4.0
1458,resp5564,resp3756,0.3,7.0
1459,resp5567,resp5970,0.051428571428571435,8.0
1460,resp5571,resp4483,0.18,5.0
1461,resp5578,resp3545,0.135,15.0
1462,resp5581,resp930,0.15999999999999998,6.0
1463,resp5582,resp1153,0.03,3.0
1464,resp5583,resp1559,0.05538461538461538,14.0
1465,resp5584,resp469,0.4547368421052631,1.0
1466,resp5588,resp1411,0.6,1.0
1467,resp559,resp5526,0.24,1.0
1468,resp5593,resp5484,0.4571428571428571,3.0
1469,resp5596,resp5822,0.6,1.0
1470,resp5607,resp5787,0.24,4.0
1471,resp5608,resp5618,0.54,4.0
1472,resp5609,resp5941,0.27,7.0
1473,resp561,resp3159,0.18,7.0
1474,resp5613,resp410,0.19285714285714284,6.0
1475,resp5617,resp4571,0.54,1.0
1476,resp5618,resp1188,0.48,3.0
1477,resp5621,resp1814,0.075,3.0
1478,resp5623,resp5526,0.04615384615384615,2.0
1479,resp5624,resp742,0.36,3.0
1480,resp5625,resp3219,0.32,1.0
1481,resp5625,resp3910,0.12,1.0
1482,resp5626,resp5584,0.672,2.0
1483,resp5629,resp3182,0.256,1.0
1484,resp563,resp1349,0.5760000000000001,3.0
1485,resp5639,resp2859,0.3085714285714285,3.0
1486,resp5646,resp1379,0.43200000000000005,1.0
1487,resp565,resp1559,0.048,15.0
1488,resp5652,resp2039,0.096,8.0
1489,resp5655,resp4935,0.4,9.0
1490,resp566,resp213,0.384,1.0
1491,resp5662,resp2128,0.14400000000000002,8.0
1492,resp5664,resp903,0.7578947368421053,1.0
1493,resp5666,resp5584,0.72,1.0
1494,resp5671,resp4812,0.3490909090909091,5.0
1495,resp5675,resp3545,0.54,4.0
1496,resp5678,resp2890,0.07200000000000001,6.0
1497,resp5681,resp2950,0.05,18.0
1498,resp5684,resp232,0.2492307692307693,5.0
1499,resp5688,resp929,0.324,1.0
1500,resp5690,resp4761,0.20769230769230768,3.0
1501,resp5695,resp2890,0.4199999999999999,1.0
1502,resp5698,resp2659,0.336,6.0
1503,resp5700,resp5731,0.3857142857142857,4.0
1504,resp5704,resp4704,0.105,4.0
1505,resp5707,resp2696,0.3,2.0
1506,resp5707,resp3978,0.3,2.0
1507,resp5707,resp460,0.3,1.0
1508,resp571,resp2885,0.6,2.0
1509,resp5710,resp3595,0.105,8.0
1510,resp5712,resp5427,0.5142857142857142,3.0
1511,resp5714,resp4230,0.108,6.0
1512,resp572,resp6038,0.3323076923076923,4.0
1513,resp5723,resp11,0.24,11.0
1514,resp5724,resp3488,0.04,3.0
1515,resp5727,resp4571,0.225,7.0
1516,resp574,resp5787,0.24,4.0
1517,resp5744,resp4308,0.12,8.0
1518,resp5748,resp11,0.54,2.0
1519,resp5750,resp5535,0.384,3.0
1520,resp5761,resp1656,0.3333333333333333,1.0
1521,resp5761,resp5579,0.1,1.0
1522,resp5762,resp3448,0.4,5.0
1523,resp5764,resp474,0.2504347826086956,4.0
1524,resp5772,resp2056,0.0981818181818182,2.0
1525,resp5773,resp2236,0.12,7.0
1526,resp5784,resp5083,0.2742857142857143,1.0
1527,resp5785,resp2543,0.3428571428571429,3.0
1528,resp5787,resp3562,0.4,1.0
1529,resp5789,resp413,0.162,4.0
1530,resp5790,resp232,0.2025,9.0
1531,resp5792,resp2954,0.04,16.0
1532,resp5797,resp1349,0.12,6.0
1533,resp5797,resp2856,0.4,3.0
1534,resp5800,resp4935,0.3150000000000001,13.0
1535,resp5816,resp4801,0.24,3.0
1536,resp5817,resp4812,0.3490909090909091,5.0
1537,resp5818,resp5083,0.24,2.0
1538,resp5820,resp2834,0.5,2.0
1539,resp5826,resp5523,0.4695652173913044,2.0
1540,resp5827,resp1703,0.5760000000000001,1.0
1541,resp5830,resp2475,0.672,2.0
1542,resp5830,resp4643,0.056,12.0
1543,resp5831,resp608,0.21,2.0
1544,resp5835,resp235,0.6545454545454547,1.0
1545,resp5838,resp965,0.4421052631578947,2.0
1546,resp5839,resp2072,0.09,6.0
1547,resp5845,resp5584,0.225,5.0
1548,resp5846,resp1534,0.3333333333333333,2.0
1549,resp5847,resp4230,0.6,1.0
1550,resp5848,resp2659,0.5142857142857142,2.0
1551,resp5850,resp689,0.55,2.0
1552,resp5855,resp3989,0.075,4.0
1553,resp5856,resp4812,0.2945454545454545,6.0
1554,resp5858,resp2373,0.45,7.0
1555,resp5864,resp5267,0.21600000000000005,8.0
1556,resp5865,resp1697,0.2025,1.0
1557,resp587,resp5970,0.24545454545454545,4.0
1558,resp5873,resp3006,0.6666666666666666,1.0
1559,resp5874,resp4657,0.06,6.0
1560,resp5876,resp4812,0.07,13.0
1561,resp5879,resp2543,0.43200000000000005,1.0
1562,resp5883,resp514,0.24,2.0
1563,resp5884,resp5617,0.035,3.0
1564,resp5886,resp195,0.3,2.0
1565,resp5888,resp2047,0.63,2.0
1566,resp5888,resp5657,0.15750000000000006,3.0
1567,resp5889,resp5846,0.375,5.0
1568,resp589,resp3194,0.72,1.0
1569,resp5894,resp1965,0.4114285714285714,1.0
1570,resp5894,resp3400,0.3428571428571429,1.0
1571,resp5896,resp3640,0.42,1.0
1572,resp5896,resp4417,0.35000000000000003,4.0
1573,resp5896,resp930,0.105,8.0
1574,resp5897,resp2039,0.5538461538461538,2.0
1575,resp5898,resp5618,0.24,7.0
1576,resp5910,resp3595,0.4400000000000001,2.0
1577,resp5913,resp1534,0.19636363636363635,3.0
1578,resp5919,resp4088,0.19636363636363635,1.0
1579,resp5924,resp1376,0.12,7.0
1580,resp5925,resp1379,0.052500000000000005,8.0
1581,resp5932,resp3977,0.04235294117647058,1.0
1582,resp5934,resp4724,0.135,1.0
1583,resp5935,resp4230,0.4,2.0
1584,resp5936,resp4823,0.384,4.0
1585,resp5941,resp2339,0.18,3.0
1586,resp5941,resp494,0.48,1.0
1587,resp5942,resp4261,0.12,4.0
1588,resp5945,resp2885,0.48,3.0
1589,resp5952,resp4871,0.384,2.0
1590,resp5954,resp3259,0.21600000000000005,8.0
1591,resp5957,resp3752,0.5485714285714286,3.0
1592,resp5963,resp2950,0.04363636363636364,20.0
1593,resp5965,resp1701,0.16941176470588235,3.0
1594,resp5975,resp3328,0.048,1.0
1595,resp5977,resp5965,0.4,1.0
1596,resp5980,resp608,0.0825,4.0
1597,resp5982,resp5022,0.1,4.0
1598,resp5983,resp1559,0.08,12.0
1599,resp5984,resp5298,0.32,6.0
1600,resp5988,resp5747,0.26181818181818184,1.0
1601,resp5994,resp5905,0.3272727272727273,1.0
1602,resp5995,resp999,0.12,2.0
1603,resp5996,resp3972,0.6171428571428571,1.0
1604,resp6004,resp4759,0.324,3.0
1605,resp6006,resp4181,0.3,3.0
1606,resp6009,resp2249,0.48,4.0
1607,resp6010,resp1204,0.5142857142857142,3.0
1608,resp6012,resp3427,0.10285714285714287,1.0
1609,resp6013,resp6257,0.24,3.0
1610,resp6020,resp1371,0.24,4.0
1611,resp6027,resp2047,0.64,1.0
1612,resp6028,resp4308,0.6,2.0
1613,resp6034,resp5944,0.18,6.0
1614,resp6039,resp4823,0.12,5.0
1615,resp6041,resp1355,0.135,2.0
1616,resp6047,resp5486,0.6545454545454547,1.0
1617,resp6049,resp1944,0.24,3.0
1618,resp6053,resp4643,0.4266666666666665,5.0
1619,resp6059,resp2885,0.36,5.0
1620,resp6059,resp5298,0.36,4.0
1621,resp606,resp903,0.2025,4.0
1622,resp6060,resp5953,0.18,4.0
1623,resp6064,resp3545,0.36,8.0
1624,resp6068,resp4261,0.3428571428571429,3.0
1625,resp6076,resp1908,0.2742857142857143,3.0
1626,resp6079,resp4181,0.056,7.0
1627,resp6081,resp3545,0.27,10.0
1628,resp6084,resp2950,0.16615384615384615,8.0
1629,resp6087,resp4643,0.4266666666666665,5.0
1630,resp6088,resp3549,0.56,1.0
1631,resp6089,resp1252,0.192,2.0
1632,resp609,resp473,0.48,1.0
1633,resp6091,resp213,0.135,4.0
1634,resp6096,resp4643,0.07636363636363636,9.0
1635,resp61,resp3613,0.6,1.0
1636,resp6107,resp1687,0.5599999999999999,2.0
1637,resp6108,resp2055,0.54,1.0
1638,resp6108,resp5586,0.054000000000000006,1.0
1639,resp6115,resp232,0.36,3.0
1640,resp6119,resp1376,0.048,15.0
1641,resp612,resp346,0.5454545454545454,2.0
1642,resp6123,resp5588,0.055000000000000014,5.0
1643,resp6125,resp466,0.27,3.0
1644,resp6126,resp5481,0.6063157894736841,3.0
1645,resp613,resp5846,0.4114285714285714,4.0
1646,resp6130,resp2378,0.27,7.0
1647,resp6131,resp5941,0.48,3.0
1648,resp6133,resp232,0.18,10.0
1649,resp6135,resp4812,0.48,2.0
1650,resp6144,resp965,0.43200000000000005,3.0
1651,resp6148,resp3989,0.18,2.0
1652,resp6157,resp5484,0.07,12.0
1653,resp6158,resp3448,0.135,15.0
1654,resp6159,resp3,0.06461538461538463,4.0
1655,resp617,resp1224,0.384,1.0
1656,resp6171,resp5788,0.18,9.0
1657,resp6173,resp5788,0.4363636363636363,4.0
1658,resp6174,resp91,0.27,3.0
1659,resp6178,resp4912,0.2290909090909091,1.0
1660,resp618,resp5588,0.135,2.0
1661,resp6184,resp4774,0.2945454545454545,8.0
1662,resp6185,resp930,0.20571428571428574,5.0
1663,resp6191,resp3448,0.35000000000000003,8.0
1664,resp6191,resp6113,0.42,3.0
1665,resp6199,resp3756,0.048,13.0
1666,resp6200,resp573,0.54,2.0
1667,resp6202,resp4169,0.18,3.0
1668,resp6204,resp3414,0.04,7.0
1669,resp6206,resp5267,0.3,6.0
1670,resp6214,resp132,0.28,6.0
1671,resp6218,resp1908,0.2742857142857143,3.0
1672,resp6219,resp5944,0.384,2.0
1673,resp6220,resp1147,0.45,3.0
1674,resp6220,resp1210,0.045,4.0
1675,resp6222,resp2834,0.18,7.0
1676,resp6227,resp1559,0.15,10.0
1677,resp6229,resp4654,0.2025,4.0
1678,resp6232,resp1703,0.384,2.0
1679,resp6234,resp4214,0.07714285714285714,11.0
1680,resp6238,resp4452,0.27,2.0
1681,resp6242,resp2343,0.45,3.0
1682,resp6244,resp35,0.3428571428571429,6.0
1683,resp6248,resp5873,0.32,2.0
1684,resp625,resp742,0.3733333333333333,1.0
1685,resp6252,resp5731,0.6063157894736841,1.0
1686,resp6255,resp2950,0.045,19.0
1687,resp6257,resp534,0.14400000000000002,3.0
1688,resp6266,resp4654,0.24,3.0
1689,resp6272,resp1400,0.27,1.0
1690,resp6282,resp6174,0.24,1.0
1691,resp631,resp2039,0.24,6.0
1692,resp633,resp3705,0.48,1.0
1693,resp634,resp2856,0.04615384615384615,5.0
1694,resp634,resp413,0.4615384615384615,2.0
1695,resp636,resp4812,0.6,1.0
1696,resp638,resp232,0.24,7.0
1697,resp640,resp903,0.384,3.0
1698,resp644,resp5541,0.15750000000000006,2.0
1699,resp65,resp4190,0.6109090909090908,1.0
1700,resp652,resp232,0.2475,6.0
1701,resp653,resp514,0.05,7.0
1702,resp655,resp91,0.28800000000000003,2.0
1703,resp658,resp132,0.3085714285714285,4.0
1704,resp659,resp2950,0.07,13.0
1705,resp660,resp5588,0.105,3.0
1706,resp661,resp2562,0.14400000000000002,8.0
1707,resp671,resp4759,0.048,4.0
1708,resp675,resp553,0.18,4.0
1709,resp676,resp2128,0.056,12.0
1710,resp677,resp4372,0.35000000000000003,1.0
1711,resp680,resp4800,0.03692307692307692,3.0
1712,resp681,resp5977,0.72,1.0
1713,resp682,resp2545,0.4,2.0
1714,resp688,resp2696,0.07764705882352943,5.0
1715,resp688,resp460,0.23294117647058826,3.0
1716,resp689,resp2461,0.2557894736842105,3.0
1717,resp689,resp3447,0.05684210526315789,4.0
1718,resp689,resp6009,0.6821052631578947,1.0
1719,resp690,resp4789,0.3733333333333333,2.0
1720,resp695,resp2950,0.135,11.0
1721,resp698,resp5977,0.18,3.0
1722,resp699,resp1376,0.225,3.0
1723,resp700,resp1385,0.5,2.0
1724,resp709,resp553,0.3,3.0
1725,resp71,resp947,0.11076923076923076,6.0
1726,resp715,resp4935,0.384,10.0
1727,resp716,resp4298,0.384,2.0
1728,resp719,resp5731,0.3085714285714285,5.0
1729,resp723,resp1594,0.45,1.0
1730,resp725,resp413,0.3,3.0
1731,resp730,resp2979,0.384,2.0
1732,resp742,resp3752,0.7854545454545454,2.0
1733,resp743,resp1379,0.36,2.0
1734,resp747,resp5913,0.2907692307692308,6.0
1735,resp748,resp1124,0.6,1.0
1736,resp749,resp2373,0.36,10.0
1737,resp753,resp2562,0.4447058823529412,2.0
1738,resp754,resp4330,0.10285714285714287,3.0
1739,resp754,resp828,0.10285714285714287,5.0
1740,resp755,resp965,0.12,6.0
1741,resp756,resp5410,0.3,1.0
1742,resp759,resp4541,0.24,2.0
1743,resp761,resp2903,0.27,5.0
1744,resp762,resp5787,0.24,4.0
1745,resp764,resp1371,0.3323076923076924,3.0
1746,resp766,resp3159,0.4114285714285714,3.0
1747,resp766,resp5523,0.5142857142857142,1.0
1748,resp772,resp144,0.42,1.0
1749,resp772,resp2056,0.42,1.0
1750,resp776,resp3955,0.5454545454545454,1.0
1751,resp784,resp4417,0.2742857142857143,5.0
1752,resp784,resp737,0.2742857142857143,2.0
1753,resp788,resp5484,0.448,4.0
1754,resp797,resp4571,0.052500000000000005,18.0
1755,resp800,resp213,0.27,2.0
1756,resp804,resp3892,0.6,1.0
1757,resp805,resp1222,0.05,1.0
1758,resp808,resp4923,0.06545454545454546,4.0
1759,resp811,resp4774,0.075,12.0
1760,resp812,resp3259,0.64,2.0
1761,resp817,resp3448,0.08,18.0
1762,resp819,resp3989,0.05,9.0
1763,resp822,resp2649,0.15999999999999998,4.0
1764,resp824,resp2567,0.135,4.0
1765,resp825,resp132,0.48,2.0
1766,resp826,resp2373,0.6109090909090908,2.0
1767,resp828,resp1723,0.06,6.0
1768,resp828,resp2558,0.27,2.0
1769,resp83,resp5484,0.18,10.0
1770,resp831,resp2373,0.45,7.0
1771,resp832,resp1204,0.48,4.0
1772,resp834,resp2128,0.4,3.0
1773,resp837,resp2659,0.3085714285714285,7.0
1774,resp843,resp410,0.252,5.0
1775,resp845,resp11,0.3818181818181817,8.0
1776,resp847,resp2480,0.448,2.0
1777,resp851,resp2859,0.36,2.0
1778,resp851,resp5388,0.135,1.0
1779,resp852,resp3182,0.12,2.0
1780,resp855,resp1396,0.21600000000000005,1.0
1781,resp856,resp1944,0.2,4.0
1782,resp858,resp3545,0.045,20.0
1783,resp860,resp2903,0.21600000000000005,6.0
1784,resp864,resp514,0.135,4.0
1785,resp871,resp4166,0.12,6.0
1786,resp872,resp2950,0.12,12.0
1787,resp875,resp4799,0.06285714285714286,5.0
1788,resp876,resp5047,0.48,2.0
1789,resp884,resp5298,0.48,3.0
1790,resp885,resp2759,0.4114285714285714,1.0
1791,resp890,resp5731,0.1705263157894737,8.0
1792,resp92,resp2264,0.24,3.0
1793,resp925,resp4643,0.5052631578947369,3.0
1794,resp926,resp3781,0.045,6.0
1795,resp930,resp4915,0.4,1.0
1796,resp933,resp143,0.04421052631578948,4.0
1797,resp934,resp1477,0.32,3.0
1798,resp938,resp1542,0.6666666666666666,1.0
1799,resp954,resp3520,0.6545454545454547,1.0
1800,resp959,resp4214,0.48,3.0
1801,resp96,resp1376,0.4114285714285714,2.0
1802,resp962,resp4049,0.28800000000000003,5.0
1803,resp964,resp2250,0.19636363636363635,3.0
1804,resp965,resp4571,0.21,8.0
1805,resp971,resp4230,0.24,4.0
1806,resp973,resp2903,0.18,8.0
1807,resp979,resp3414,0.6666666666666666,1.0
1808,resp98,resp2562,0.048,13.0
1809,resp982,resp6098,0.4430769230769231,3.0
1810,resp987,resp4266,0.48,2.0
1811,resp989,resp5181,0.095,2.0
1812,resp99,resp5584,0.5714285714285714,3.0
1813,resp993,resp3545,0.27,10.0
1814,resp998,resp91,0.1,9.0
1815,resp999,resp1376,0.14400000000000002,6.0
